insert into documents_raw (doc_id,documentcode,documentname,rev) values 
('926','CO-OPS-PTL-50','Factory Acceptance Test (FAT)  TQC in-line leak test equipment','0'),
('1170','CO-PRD1-FRM-200','Manufacture of CT/IC Primer Passivation Reagent – 7.071.002 & 7.086.002– (MOB-D-078 & MOB-D-086)','7'),
('884','CO-LAB-LBL-5','Non-Part Numbered Material Label','5'),
('1781','CO-QA-PTL-120','Enlightenment  Notifier Validation and Verification Protocol','0'),
('1651','CO-QA-URS-31','Enlightenment  Software Requirements Specification','0'),
('676','CO-LAB-FRM-86','0260 CT Forward Primer from SGS DNA','7'),
('686','CO-LAB-FRM-96','25U/µL Taq-B DNA Polymerase (Low Glycerol)  Part Number 0270','3'),
('698','CO-LAB-FRM-108','CT di452 Probe from SGS  Part No. 0289','5'),
('696','CO-LAB-FRM-106','CT/NG: CT/IC Detection Reagent','9'),
('690','CO-LAB-FRM-100','CT/NG: IC DNA Reagent','9'),
('691','CO-LAB-FRM-101','CT/NG: NG1/NG2/IC Primer Passivation Reagent','10'),
('694','CO-LAB-FRM-104','CT/NG: NG2/IC Detection Reagent','9'),
('692','CO-LAB-FRM-102','CT/NG: TaqUNG Reagent','10'),
('697','CO-LAB-FRM-107','IC di275 Probe from SGS  Part No. 0288','5'),
('689','CO-LAB-FRM-99','Neisseria gonorrhoeae DNA  Part Number 0273','2'),
('669','CO-LAB-FRM-79','Uracil DNA Glycosylase [50 thousand U/mL]  Part Number 0240','4'),
('1782','CO-QA-URS-40','“Enlightenment” Notifier Software Requirement Specification','0'),
('339','CO-OPS-SOP-109','1 x lysis buffer','10'),
('1759','CO-OPS-SCR-1','21011-4501 - Force End of Line Test Script','2'),
('1760','CO-OPS-SCR-2','21011-4502 Pneumatic End of Line Test Script','4'),
('1756','CO-OPS-T-230','21011-MEF010- FTC2 - Force Test Results Master Template for FTC2','8'),
('1755','CO-OPS-T-229','21011-MEF020-FTC2 - Force Test Configuration File.','15'),
('1757','CO-OPS-T-231','21011-MEF030 - Calibration Spread Sheet for FTC2.','15'),
('1752','CO-OPS-T-226','21011-MEP010-PTC2 Pneumatics End of Line Test Results Master','9'),
('1753','CO-OPS-T-227','21011-MEP020-PTC2 - Pneumatic Test Configuration File','11'),
('1758','CO-OPS-T-232','21011-MEP030 - Calibration Spreadsheet for PTC #2','11'),
('1745','CO-OPS-T-222','21011-MET010 Thermal - Sample Hold Template TTDL-No.2','10'),
('1746','CO-OPS-T-223','21011-MET011 Thermal - PCR HoldTemplate -TTDL-No.2','10'),
('1747','CO-OPS-T-224','21011-MET012 Thermal-PCR CycleTemplate for-TTDL-No.2.xlsm','12'),
('1748','CO-OPS-T-225','21011-MET013 Thermal-Detect HoldTemplate -TTDL-No.2.xlsx','10'),
('1744','CO-OPS-T-221','21011-MET015 - Thermal Test Summary Template','4'),
('1768','CO-OPS-T-233','21011-MET020 - Agilent Datalogger Configuration for TTC2','0'),
('1769','CO-OPS-T-234','21011-VCR003 Calibration Factors for 21011-TTDL-No.2','1'),
('282','CO-OPS-SOP-110','225mM Potassium phosphate buffer','3'),
('346','CO-OPS-SOP-111','50U/uL T7 Exonuclease in CTNG Storage Buffer','4'),
('345','CO-OPS-SOP-112','600pM Stocks of Synthetic Uracil containing Amplicon','3'),
('284','CO-OPS-SOP-113','9.26pc (w.v) BSA in 208.3 mM Potassium Phosphate buffer','3'),
('283','CO-OPS-SOP-114','9.26pc (w.v) NZ Source BSA in 208.3mM Potassium Phosphate buffer','4'),
('535','CO-QA-JA-1','A Basic Guide to Finding Documents in SharePoint','2'),
('1178','CO-QC-JA-19','A Guide for QC Document Filing','0'),
('1180','CO-IT-POL-22','Access Control Policy','1'),
('472','CO-QA-SOP-30','Accessing and Finding Documents in QT9','3'),
('1528','CO-H&S-PRO-4','Accident Incident and near miss reporting procedure','6'),
('264','CO-LAB-SOP-2','Agilent Bioanalyzer SOP for RNA 6000 Pico and Nano Kits','4'),
('978','CO-PRD1-JA-8','Air conditioning','1'),
('1554','CO-SUP-JA-62','AirSea 2-8°c Shipper Packing Instructions','0'),
('539','CO-QA-SOP-96','Analysis of Quality Data','5'),
('1701','CO-DES-T-219','Analytical Verification Test Protocol template','0'),
('1702','CO-DES-T-220','Analytical Verification Test Report template','0'),
('1070','CO-QA-SOP-274','Applicable Standards Management Procedure','1'),
('882','CO-LAB-LBL-3','Approved material label','2'),
('844','CO-QA-REG-24','Archived Document Retrieval Log','2'),
('421','CO-QA-T-109','Archiving Box Contents List','4'),
('899','CO-LAB-LBL-19','Asset Calibration Label','2'),
('1572','CO-FIN-SOP-373','Asset Capitalization Procedure','0'),
('1181','CO-IT-POL-23','Asset Management Policy','1'),
('1546','CO-LAB-FRM-278','Asset Not Temperature Controlled Sign','0'),
('828','CO-LAB-REG-11','Asset Register','3'),
('602','CO-LAB-SOP-167','Attaching Electrode and Blister Adhesive and Blister Pack and Cover (M600)','5'),
('1065','CO-QA-FRM-194','Auditor Competency Assessment','0'),
('1064','CO-QA-FRM-193','Auditor Qualification','0'),
('1075','CO-QA-REG-33','Auditor register','0'),
('957','CO-LAB-T-159','Autoclave Biological Indicator Check Form','0'),
('318','CO-QC-T-33','Autoclave Record','5'),
('1812','CO-LAB-SOP-403','Automated Electrophoresis System - TapeStation 4150','0'),
('1778','CO-LAB-URS-39','Automated Electrophoresis System URS','0'),
('501','CO-QA-REG-7','Bacterial Stock Register','2'),
('329','CO-LAB-SOP-13','Balance calibration','6'),
('313','CO-QC-T-28','Balance Calibration form','3'),
('463','CO-DES-PTL-6','Balance IQ/OQ','3'),
('599','CO-LAB-SOP-164','Bambi compressor: Use and Maintenance','3'),
('839','CO-LAB-REG-20','Batch Retention Register','1'),
('850','CO-LAB-URS-1','Binder incubator and humidity chamber User Requirement Specification','0'),
('274','CO-LAB-SOP-12','Binder KBF-115 Oven','2'),
('1417','CO-SUP-T-184','binx Commercial Invoice (Misc. shipments)','1'),
('867','CO-OPS-REG-29','binx health ltd Master Assay Code Register','7'),
('951','CO-SUP-FRM-177','binx health Vendor Information Form','0'),
('1476','CO-CS-SOP-358','binx io Field Service Procedure','0'),
('938','CO-CS-SOP-249','binx io Instrument Receiving at 3PL','2'),
('939','CO-CS-FRM-175','binx io Instrument Receiving Form','2'),
('1537','CO-CS-FRM-275','binx io RMA Number Request Form','0'),
('354','CO-QA-T-42','binx Meeting Minutes Template','6'),
('350','CO-QA-T-38','binx Memorandum Template','8'),
('1418','CO-SUP-T-185','binx Packing List (Misc shipments)','1'),
('352','CO-DES-T-40','binx Report Template','7'),
('353','CO-DES-T-41','binx Technical Report Template','8'),
('419','CO-QC-T-107','Bioanalyzer Cleaning Record','3'),
('1499','CO-H&S-T-203','Blank Form for H&S COSHH assessments','6'),
('816','CO-OPS-PTL-37','Blister Cropping Press IQ and OQ Validation Protocol','1'),
('817','CO-OPS-PTL-38','Blister Filling Rig and Cropping Press PQ Validation Protocol','3'),
('341','CO-OPS-SOP-115','BSA Solution (for use in IC DNA end-cartridge reagent)','7'),
('1182','CO-IT-POL-24','Business Continuity and Disaster Recovery Plan','1'),
('656','CO-LAB-FRM-66','C. trachomatis serotype F Elementary Bodies Part No. 0106','5'),
('1733','CO-LAB-FRM-318','Cabinet Usage Log','0'),
('1209','CO-PRD1-FRM-204','Calibrated Clock/Timer verification form','0'),
('451','CO-OPS-T-139','Cartridge and Packing Bill of Materials Template','1'),
('901','CO-LAB-LBL-21','Cartridge Materials Label','1'),
('15','CO-DES-SOP-243','CE Mark/Technical File Procedure','6'),
('459','CO-QA-T-145','Certificate of Conformance','2'),
('1052','CO-PRD1-T-163','Certificate of Conformance template','3'),
('293','CO-QA-T-8','Change Management Form','14'),
('1685','CO-REG-T-216','Change Management Pre-Checklist Form','0'),
('562','CO-QA-SOP-139','Change Management Procedure for Product/Project Documents','17'),
('493','CO-QA-REG-1','Change Management Register','10'),
('1687','CO-QA-FRM-311','Change Request Form','0'),
('1526','CO-H&S-PRO-2','Chemical and Biological COSHH Guidance','9'),
('1337','CO-LAB-JA-43','CIR Job Aid','1'),
('906','CO-LAB-LBL-26','CIR Label','2'),
('385','CO-QC-T-73','CL2 Laboratory Cleaning Record','10'),
('852','CO-QC-COP-2','CL2 Microbiology Laboratory Code of Practice','3'),
('968','CO-LAB-FRM-180','Class II MSC Monthly Airflow Check Form','2'),
('974','CO-PRD1-SOP-261','Cleaning Procedure for Oak House Production Facility','7'),
('549','CO-CA-T-147','Clinical Trial Agreement','2'),
('1183','CO-IT-POL-25','Code of Conduct','1'),
('891','CO-SD-FRM-171','Code Review','0'),
('1496','CO-SUP-POL-35','Cold Chain Shipping Policy','0'),
('505','CO-CA-SOP-81','Collection of In-house Collected Samples','2'),
('356','CO-QA-T-44','Competency Assessment Form','5'),
('534','CO-CA-FRM-41','Consent for Voluntary Donation of In-house Collected Samples','2'),
('834','CO-LAB-REG-16','Consumables Register','2'),
('1710','CO-LAB-JA-93','Containment Level 2 Laboratory Weekly Cleaning Job Aid','1'),
('1707','CO-LAB-POL-39','Contamination Control Policy','0'),
('245','CO-SAM-SOP-9','Control of Marketing and Promotion','6'),
('1684','CO-QA-SOP-383','Control of Product Labeling','1'),
('363','CO-QC-T-51','Controlled Lab Notes Template','6'),
('866','CO-IT-REG-28','Controlled Laboratory Equipment Software List','3'),
('591','CO-LAB-SOP-156','Controlled Laboratory Notes','10'),
('381','CO-SAM-T-69','Copy Approval Form','3'),
('1535','CO-H&S-P-4','Coronavirus (COVID-19) Policy on employees being vaccinated','2'),
('74','CO-QA-SOP-7','Correction Removal and Recall Procedure','5'),
('517','CO-QA-SOP-93','Corrective and Preventive Action Procedure','7'),
('1505','CO-H&S-COSHH-6','COSH-Assessment - Corrosive Acids','6'),
('1511','CO-H&S-COSHH-13','COSHH Assessment  - Dry Ice','5'),
('1506','CO-H&S-COSHH-7','COSHH assessment  - General Hazard Group 2 organisms','6'),
('1507','CO-H&S-COSHH-8','COSHH assessment  - Hazard Group 2 respiratory pathogens','6'),
('1503','CO-H&S-COSHH-4','COSHH Assessment - Chlorinated Solvents','6'),
('1509','CO-H&S-COSHH-10','COSHH assessment - clinical samples','7'),
('1512','CO-H&S-COSHH-14','COSHH Assessment - Compressed Gases','1'),
('1504','CO-H&S-COSHH-5','COSHH Assessment - Corrosive Bases','6'),
('1508','CO-H&S-COSHH-9','COSHH Assessment - Hazard Group 1 Pathogens','5'),
('1510','CO-H&S-COSHH-12','COSHH Assessment - Inactivated Micro-organisms','6'),
('1502','CO-H&S-COSHH-3','COSHH Risk Assessment - Flammable Materials','6'),
('1500','CO-H&S-COSHH-1','COSHH Risk Assessment - General Chemicals','6'),
('1501','CO-H&S-COSHH-2','COSHH Risk Assessment - Oxidising Agents','6'),
('1523','CO-H&S-RA-11','Covid-19 Risk Assessment binx Health ltd','7'),
('484','CO-DES-SOP-42','Creation and Maintenance of a Device Master Record (DMR)','4'),
('40','CO-DES-SOP-371','Critical to Quality and Reagent Design Control','2'),
('1184','CO-IT-POL-26','Cryptography Policy','1'),
('1305','CO-SUP-FRM-214','CT IC Detection Reagent Pick List – 7.067.001B','7'),
('1306','CO-SUP-FRM-215','CT IC Primer Passivation Reagent Pick List – 7.071.001B','6'),
('1310','CO-SUP-FRM-219','CT NG Taq UNG Reagent Pick List - 7.070.001B','6'),
('1139','CO-QC-QCP-55','CT Plasmid Quantification - qPCR Test (Part No. 0348)','1'),
('664','CO-LAB-FRM-74','CT synthetic target containing Uracil Part no: 0168','6'),
('262','CO-LAB-FRM-16','CT Taqman Probe (FAM)','6'),
('628','CO-OPS-SOP-189','CT/NG ATCC Input Generation','16'),
('1087','CO-QC-PTL-74','CT/NG Cartridge QC Test Analysis Template Validation Protocol','1'),
('1143','CO-QC-QCP-59','CT/NG Collection Kit Batch Release','2'),
('1560','CO-SUP-JA-68','CT/NG ioTM Cartridge Packing Instructions for QC samples (Softbox MAX Shipper)','1'),
('1559','CO-SUP-JA-67','CT/NG ioTM Cartridge Packing Instructions for QC samples (Softbox PRO Shipper)','0'),
('1152','CO-QC-QCP-68','CT/NG Taq-UNG reagent qPCR test (MOB-D-0277)','11'),
('1149','CO-QC-QCP-65','CT/NG: CT/IC Detection Reagent Heated io detection rig','11'),
('695','CO-LAB-FRM-105','CT/NG: CT/IC Primer Passivation Reagent','10'),
('1151','CO-QC-QCP-67','CT/NG: CT/IC Primer-Passivation Reagent','9'),
('1122','CO-QC-QCP-52','CT/NG: IC DNA in TE Buffer - Raw Material qPCR test (Part 0248)','7'),
('1153','CO-QC-QCP-69','CT/NG: IC DNA Reagent qPCR Test','10'),
('1148','CO-QC-QCP-64','CT/NG: NG1/IC Detection Reagent','11'),
('693','CO-LAB-FRM-103','CT/NG: NG1/IC Detection Reagent','9'),
('1150','CO-QC-QCP-66','CT/NG: NG1/NG2/IC Primer-Passivation Reagent qPCR test','8'),
('1147','CO-QC-QCP-63','CT/NG: NG2/IC detection reagent Heated io detection rig','11'),
('545','CO-OPS-SOP-104','CT_IC Detection Reagent','8'),
('322','CO-LAB-FRM-18','CTdi452 Probe from atdbio','6'),
('414','CO-QC-T-102','CTNG Cartridge Cof A','13'),
('1078','CO-QC-PTL-66','CTNG CT/IC Primer passivation','2'),
('1141','CO-QC-QCP-57','CTNG CTIC NG1IC and NG2IC Detection Reagents QC test','6'),
('1080','CO-QC-PTL-68','CTNG Detection Reagent Validation','3'),
('1079','CO-QC-PTL-67','CTNG NG/IC Primer passivation Validation','2'),
('915','CO-QC-T-155','CTNG QC Cartridge Analysis Module','0'),
('285','CO-OPS-SOP-120','CTNG Storage Buffer (224.3mM Potassium Phosphate','3'),
('566','CO-OPS-SOP-142','CTNG T7 Diluent','4'),
('344','CO-OPS-SOP-121','CTNG T7 Diluent Rev 3.0 (NZ source BSA)','3'),
('1561','CO-CS-JA-69','Customer Installation and Training Job Aid binx io','1'),
('443','CO-CS-T-131','Customer Service Script','1'),
('1471','CO-QA-T-194','Declaration of Conformity Template','0'),
('1398','CO-SUP-JA-47','Demand Plan - Plan and Release','0'),
('1245','CO-SUP-SOP-323','Demand Planning','1'),
('14','CO-DES-SOP-29','Design and Development Procedure','10'),
('289','CO-DES-T-4','Design Review Record','2'),
('483','CO-DES-SOP-41','Design Review Work Instruction','6'),
('436','CO-DES-T-124','Design Transfer Form','2'),
('638','CO-OPS-SOP-192','Design Verification and Design Validation for IVD Medical Devices','4'),
('383','CO-QC-T-71','Detection Reagent Analysis Template','5'),
('343','CO-OPS-SOP-122','Detection Surfactants Solution','10'),
('305','CO-OPS-T-20','Development Partner Ranking Criteria','2'),
('541','CO-QA-SOP-99','Deviation Procedure','7'),
('411','CO-DES-T-99','Device Master Record','2'),
('1069','CO-QA-T-166','Device Specific List of Applicable Standards Form Template','0'),
('1766','CO-OPS-SCR-8','DigitalRegCalibration','1'),
('1767','CO-OPS-SCR-9','DigitalRegTest','1'),
('316','CO-QC-T-31','Dishwasher User Form','3'),
('361','CO-QA-T-49','Document Acceptance Form','5'),
('456','CO-QA-T-142','Document and Record Disposition Form','2'),
('69','CO-QA-SOP-5','Document and Records Archiving','6'),
('65','CO-QA-SOP-140','Document Control Procedure (Projects)','19'),
('66','CO-QA-SOP-98','Document Matrix','8'),
('422','CO-QA-T-110','Document Retrieval Request','3'),
('455','CO-QA-T-141','Document Signoff Front Sheet','3'),
('869','CO-CA-REG-31','Donor Number Consent Register','1'),
('1085','CO-QC-PTL-72','dPCR Performance Qualification','2'),
('1127','CO-QC-SOP-293','dPCR Quantification of CT and NG Vircell Inputs','2'),
('1263','CO-SUP-JA-23','Dry Ice Job aid (Oak House)','0'),
('342','CO-OPS-SOP-123','DTT Solution','8'),
('1145','CO-QC-QCP-61','Electrode Electrochemical Functionality QC Assessment','7'),
('904','CO-LAB-LBL-24','Elution Reagent Label','4'),
('1565','CO-QA-REG-41','Employee Unique Initial Register','0'),
('477','CO-OPS-SOP-35','Engineering Drawing Control','4'),
('609','CO-OPS-SOP-174','Engineering Rework Procedure','3'),
('1791','CO-QA-SOP-400','Enlightenment Database Administration Procedure','0'),
('1809','CO-QA-REG-46','Enlightenment Job Role Register','0'),
('1652','CO-QA-PTL-112','Enlightenment Software Validation and Verification Protocol','0'),
('1639','CO-QA-JA-86','Enlightenment User Guide','0'),
('977','CO-PRD1-SOP-263','Entry and Exit to the Oak House Production Facility and Production Suite','0'),
('837','CO-LAB-REG-18','Enviromental Monitoring Results Register','2'),
('388','CO-QC-T-76','Environmental Chamber Monitoring Form','4'),
('1129','CO-LAB-SOP-295','Environmental Contamination Monitoring SOP','6'),
('544','CO-LAB-SOP-103','Environmental Controls in the Laboratory','13'),
('1155','CO-QC-QCP-71','Enzymatics Taq-B 25U/ul (Part 0270)','8'),
('811','CO-OPS-PTL-31','EOL thermal test 21011-MET-012 Thermal-PCR Cycle Template for TTDL-No.2.xlsx v4.0','3'),
('22','CO-SUP-SOP-6','Equipment Fulfilment and Field Visit SOP for non-stock instruments','3'),
('442','CO-OPS-T-130','Equipment Fulfilment Order','3'),
('317','CO-QC-T-32','Equipment Log','3'),
('1221','CO-PRD1-FRM-205','Equipment Maintenance and Calibration Form','0'),
('905','CO-LAB-LBL-25','Equipment Not Maintained Do Not Use Label','2'),
('447','CO-CS-T-135','Equipment Return Order','4'),
('835','CO-LAB-REG-17','Equipment Service and Calibration Register','6'),
('897','CO-LAB-LBL-17','Equipment Under Qualification Label','2'),
('268','CO-LAB-SOP-6','Esco Laminar Flow Cabinet','3'),
('1464','CO-QA-SOP-357','EU Performance Evaluation','1'),
('1569','CO-QA-T-206','EU Performance Evaluation Plan Template','0'),
('1570','CO-QA-T-207','EU Performance Evaluation Report Template','0'),
('1463','CO-QA-SOP-356','EU Regulatory Strategy and Process','0'),
('1484','CO-LAB-T-198','Eupry Calibration Cover Sheet','0'),
('980','CO-PRD1-SOP-264','Eupry temperature monitoring system','1'),
('1212','CO-PRD1-PTL-86','Eupry Temperature Monitoring System Validation','0'),
('1116','CO-QC-LBL-32','Excess Raw Material Label','0'),
('590','CO-LAB-SOP-155','Experimental Planning and Write-Up','9'),
('321','CO-DES-T-36','Experimental template: Planning','6'),
('380','CO-DES-T-68','Experimental Template: Write Up','6'),
('886','CO-LAB-LBL-7','Expiry Dates Label','4'),
('292','CO-QA-T-7','External Change Notification Form','6'),
('1777','CO-PRD1-PTL-119','Factory Acceptance Test (FAT) for the New ALX-734 Label Print Dispenser','0'),
('927','CO-OPS-PTL-51','Factory Acceptance Test (FAT) Sprint B+ In-line Leak Tester','0'),
('889','CO-LAB-LBL-10','Failed Testing - Not in use Label','2'),
('1424','CO-LAB-REG-37','Female Urine Database','0'),
('390','CO-QA-T-78','Field Action Implementation Checklist','4'),
('391','CO-QA-T-79','Field Corrective Action File Review Form','3'),
('1566','CO-CS-JA-71','Field Service - Submitting Documents for QA Approval','0'),
('1832','CO-CS-LBL-77','Field Service binx io Quarantine Label','0'),
('1473','CO-CS-FRM-267','Field Service Report Form','0'),
('1686','CO-H&S-CH-22','Fire Alarm System (Derby Court) CheckList','1'),
('1531','CO-H&S-PRO-7','Fire evacuation procedure for Oak House','2'),
('269','CO-OPS-SOP-7','Firmware Up-date','2'),
('1590','CO-FIN-FRM-280','Fixed Asset Acquisition Form','1'),
('1591','CO-FIN-FRM-281','Fixed Asset Disposition Form','1'),
('434','CO-FIN-FRM-282','Fixed Asset Transfer Form','4'),
('1517','CO-H&S-RA-5','Flammable & Explosive Substances Risk Assessment for  binx health Ltd (Derby Court and Unit 6)','5'),
('1109','CO-QA-SOP-284','FMEA Procedure','7'),
('371','CO-DES-T-59','FMEA template','3'),
('883','CO-LAB-LBL-4','For Indication Only Label','1'),
('622','CO-OPS-SOP-187','Force Test Rig Set up and Calibration','5'),
('296','CO-QA-T-11','Form Template','6'),
('892','CO-LAB-LBL-12','General Calibration Label','2'),
('423','CO-OPS-T-111','Generic Cartridge Subassembly Build','3'),
('277','CO-OPS-SOP-124','Glycerol Solution','4'),
('965','CO-SUP-FRM-178','GRN Form for incoming goods','1'),
('831','CO-LAB-REG-14','GRN Register','23'),
('1474','CO-QA-T-196','GSPR Template','0'),
('1697','CO-QC-SOP-388','Guidance for Product Release Documentation Checks','0'),
('1213','CO-PRD1-SOP-312','Guidance for the completion of Reagent Production Manufacturing Batch Records (MBRs)','1'),
('557','CO-LAB-SOP-135','Guidance for Use and Completion of MFG Documents','3'),
('1581','CO-QA-SOP-375','Guidance for Writing Controlled Documents','0'),
('1625','CO-H&S-T-214','H&S Safety Checklist Template','0'),
('570','CO-LAB-SOP-145','Handling Biological Materials','5'),
('1110','CO-QA-SOP-285','Hazard Analysis Procedure','7'),
('379','CO-DES-T-67','Hazard Analysis template','8'),
('1836','CO-LAB-JA-117','Hazardous chemical waste assessment job aid','0'),
('1525','CO-H&S-PRO-1','Health & Safety Fire Related Procedures','11'),
('1648','CO-H&S-CH-18','Health and Safety Contractor Checklist','2'),
('1646','CO-H&S-CH-16','Health and Safety Fire Safety Check List','6'),
('1642','CO-H&S-CH-12','health and Safety Laboratory Checklist','7'),
('1530','CO-H&S-PRO-6','Health and Safety Legislation Review Procedure','1'),
('1541','CO-H&S-RA-17','Health and Safety Oak House Fire Risk Assessment','2'),
('1649','CO-H&S-CH-19','Health and Safety Oak House Fire Safety Checklist','2'),
('1650','CO-H&S-CH-20','Health and Safety Oak House First Aid Checklist','2'),
('1643','CO-H&S-CH-13','Health and Safety Office Checklist','3'),
('1532','CO-H&S-P-1','Health and Safety Policy','11'),
('1524','CO-H&S-RA-12','Health and Safety Risk Assessment for Use of a Butane Torch','2'),
('1540','CO-H&S-RA-16','Health and Safety Risk Assessment Incoming-Outgoing goods and Packaging','3'),
('1542','CO-H&S-RA-18','Health and Safety Risk Assessment Oak House Covid-19','3'),
('1538','CO-H&S-RA-14','Health and Safety Risk Assessment Oak House Facility','3'),
('1539','CO-H&S-RA-15','Health and Safety Risk Assessment Oak House Production Activities','4'),
('1834','CO-H&S-RA-20','Health and Safety Risk Assessment of Heated Detection Rigs','0'),
('1529','CO-H&S-PRO-5','Health and Safety Risk Assessment Procedure','2'),
('1498','CO-H&S-T-202','Health and Safety Risk Assessment Template','3'),
('1534','CO-H&S-P-3','Health and Safety Stress Management Policy','2'),
('1647','CO-H&S-CH-17','Health and Safety Unit 6 Fire Checking Log','3'),
('1645','CO-H&S-CH-15','Health and Safety Workstation Checklist','4'),
('1823','CO-LAB-SOP-407','Heated Detection Rig - Building and Maintenance','0'),
('809','CO-OPS-PTL-29','Heated Detection Rig IQ Procedure','3'),
('536','CO-OPS-PTL-9','Heated Detection Rig OQ Procedure','5'),
('552','CO-LAB-SOP-130','Heated Detection Rig Work Instructions','3'),
('1544','CO-LAB-FRM-276','High Risk Temperature Controlled Asset Sign','0'),
('1185','CO-IT-POL-27','Human Resource Security Policy','1'),
('1346','CO-PRD1-FRM-230','Hybridization Oven Verification and Calibration Form','0'),
('278','CO-OPS-SOP-125','IC DNA in TE Buffer 100pg/ul Working Stock Aliquots','3'),
('1311','CO-SUP-FRM-220','IC DNA Reagent Pick List – 7.073.001B','7'),
('263','CO-LAB-FRM-17','IC Taqman Probe (FAM)','6'),
('152','CO-QA-SOP-16','Identification and Traceabillity','4'),
('433','CO-QC-T-121','Impulse Sealer Use Log','2'),
('893','CO-LAB-LBL-13','In process MFG material label','3'),
('1497','CO-H&S-T-204','Incidents and Near Miss Form','5'),
('427','CO-QC-T-115','Incoming Oligo QC Form','3'),
('1797','CO-PRD1-FRM-328','Incoming Quality Control (IQC) for Non-Stock Material form','0'),
('1796','CO-PRD1-FRM-327','Incoming Quality Control (IQC) for Stock Material - QC Not Required Form','0'),
('1795','CO-PRD1-FRM-326','Incoming Quality Control (IQC) for Stock Material - QC Required Form','0'),
('1806','CO-PRD1-T-237','Incoming Quality Control (IQC) Template','0'),
('627','CO-LAB-FRM-50','Incoming Quality Control and Specification for  CMO Manufactured io® Cartridges','8'),
('633','CO-LAB-FRM-43','Incoming Quality Control and Specification for  CT Plasmid in TE buffer  Materials binx Part Number: 0348','0'),
('678','CO-LAB-FRM-88','Incoming Quality Control and Specification for  IC Forward Primer  from SGS DNA: Part number 0262 and 0419','7'),
('631','CO-LAB-FRM-41','Incoming Quality Control and Specification for  NG1 Plasmid in TE buffer  Materials binx Part Number: 0346','0'),
('632','CO-LAB-FRM-42','Incoming Quality Control and Specification for  NG2 Plasmid in TE buffer  Materials binx Part Number: 0347','0'),
('1688','CO-QA-FRM-312','Individual Training Form','0'),
('1186','CO-IT-POL-28','Information Security Policy','1'),
('1187','CO-IT-POL-29','Information Security Roles and Responsibilities','1'),
('397','CO-SUP-FRM-43','Initial Risk Assessment and Supplier Approval','3'),
('1585','CO-PRD1-PTL-110','Installation and Operational  Qualification Protocols for Jenway 924 030 6.0 mm Tris Buffer pH Electrode (Asset                  ) to be used with Oak House Jenway 3510 pH Meter (Asset 1143)','0'),
('1081','CO-CS-SOP-275','Installation and Training - binx io','0'),
('1053','CO-QA-T-164','Instructional Video Template','0'),
('489','CO-LAB-SOP-72','Instructions for receipt of incoming Non-Stock goods  assigning GRN numbers and labelling','15'),
('1100','CO-SUP-SOP-277','Instructions for Receipt of incoming Stock goods assigning GRN No.s & Labelling','4'),
('297','CO-QA-T-12','Instructor-led Training Form','5'),
('538','CO-LAB-SOP-95','Instrument Cleaning Procedure','6'),
('478','CO-OPS-SOP-36','Instrument Engineering Change Management','2'),
('584','CO-LAB-SOP-152','Instrument Failure Reporting SOP','4'),
('1837','CO-CS-JA-118','Instrument Receiving at binx 3PL Salesforce Job Aid','0'),
('851','CO-OPS-REG-26','Instrument Register','7'),
('18','CO-CS-SOP-368','Instrument Service & Repair Procedure','5'),
('444','CO-CS-T-149','Instrument Trouble Shooting Script','1'),
('1736','CO-PRD1-JA-104','Integra ASSIST PLUS Job Aid','0'),
('1199','CO-PRD1-LBL-33','Intermediate reagent labels','0'),
('71','CO-QA-SOP-4','Internal Audit','13'),
('699','CO-LAB-FRM-109','Internal Control di275 Probe from ATDBio Part Number 0294','2'),
('1784','CO-CS-REG-44','Internal Use Cartridge Lot Consumption Register','0'),
('581','CO-LAB-SOP-149','Introducing New Laboratory Equipment','6'),
('1120','CO-LAB-SOP-287','Introduction of New microorganisms SOP','1'),
('1067','CO-PRD1-JA-9','Intruder Alarm','0'),
('1771','CO-OPS-T-235','io Instrument DPR Calibration and Confirmation Template','0'),
('1549','CO-QC-LBL-52','io Instrument Failure - For Engineering Inspection Label','0'),
('1599','CO-OPS-T-210','io Instrument Repair Form','1'),
('1600','CO-OPS-SOP-379','io Instrument Tracking at binx health','0'),
('803','CO-OPS-PTL-23','io Reader - Digital Pressure Regulator Calibration Protocol','3'),
('805','CO-OPS-PTL-25','io Reader – Force End Test Protocol','3'),
('804','CO-OPS-PTL-24','io Reader - Pneumatics End Test Protocol','3'),
('1133','CO-QC-SOP-299','io Reader interface - barcode scan rate','4'),
('912','CO-OPS-PTL-48','io Release Record (following repair or refurbishment)','3'),
('806','CO-OPS-PTL-26','io® Reader – Thermal End Test Protocol','3'),
('1787','CO-PRD1-PTL-121','IQ Protocol and Report for the ALX-734 Label Print Dispenser','0'),
('1739','CO-PRD1-PTL-116','IQ Protocol and Report for the INTEGRA ASSIST PLUS in Oak House','0'),
('846','CO-LAB-PTL-45','IQ Protocol for Binder incubator and humidity chamber','0'),
('819','CO-OPS-PTL-40','IQ Validation Protocol Blister Filling Rig','1'),
('1608','CO-LAB-PTL-111','IQ/OQ  Validation Protocol for Dry Bath with Metal Block','1'),
('462','CO-DES-PTL-5','IQ/OQ for Agilent Bioanalyzer','2'),
('1844','CO-LAB-PTL-128','IQ/OQ of TapeStation 4150 Automated Electrophoresis System','0'),
('1700','CO-LAB-FRM-313','IQC for Part Numbered non-stock miscellaneous items','1'),
('311','CO-FIN-T-26','IT GAMP Evaluation Form','4'),
('486','CO-IT-SOP-44','IT Management Back-UP and Support','5'),
('312','CO-FIN-T-27','IT Request for Information','3'),
('1190','CO-IT-POL-32','IT Risk Management','1'),
('1588','CO-IT-FRM-5','IT System Change Request Form','0'),
('307','CO-DES-T-22','IVD Directive - Essential Requirements Check List Template','4'),
('603','CO-LAB-SOP-168','Jenway 3510 model pH Meter','5'),
('1223','CO-PRD1-SOP-319','Jenway 3510 model pH Meter with ATC probe and 924 30 6.0mm model Tris electrode SOP in Oak House','2'),
('1405','CO-CS-JA-50','Job Aid _Field Service-Instrument cleaning','0'),
('1717','CO-LAB-JA-98','Job Aid for Decontamination of Equipment Between Areas','0'),
('1689','CO-QA-JA-88','Job Aid for Global Label Elements','0'),
('1828','CO-QC-JA-113','Job Aid for Non-standard Voltammograms using SEI','0'),
('1718','CO-LAB-JA-99','Job Aid for Pipette Cleaning','0'),
('1815','CO-PRD1-JA-331','Job Aid for the Creation of VIALAB Programs','0'),
('1575','CO-QA-JA-72','Job Aid for the Review of Change Controls in QT9','2'),
('1579','CO-QA-JA-76','Job Aid for the Review of Change Management Forms For Non-QT9 Processes','0'),
('1580','CO-QA-JA-77','Job Aid for the Review of Controlled Documents and Records','0'),
('1577','CO-QA-JA-74','Job Aid for the Review of Corrective Actions in QT9','0'),
('1578','CO-QA-JA-75','Job Aid for the Review of Deviations in QT9','0'),
('1602','CO-QA-JA-83','Job Aid for the Review of Feedback in QT9','0'),
('1576','CO-QA-JA-73','Job Aid for the Review of Non-Conforming Product in QT9','0'),
('1690','CO-QA-JA-89','Job Aid for the Review of Regulatory Change Assessment Forms','0'),
('1595','CO-QA-JA-79','Job Aid for the Use of the QT9 Deviation Module','1'),
('1720','CO-LAB-JA-100','Job Aid for Use of the Main Vestibule','0'),
('1803','CO-QC-JA-108','Job aid on guidelines for pipetting during QC testing and understanding the rotorgene results','0'),
('853','CO-QA-T-153','Job Aid Template','3'),
('1118','CO-QC-JA-12','Job Aid: A Guide to QC Cartridge Inspections','0'),
('1375','CO-OPS-URS-28','Keyence LM Series - User Requirements Specification','0'),
('301','CO-QC-T-16','Lab Cleaning Form','10'),
('415','CO-QC-T-103','Lab investigation initiation Template','1'),
('440','CO-QC-T-128','LAB investigation summary report','1'),
('548','CO-LAB-SOP-108','Laboratory Cleaning','22'),
('608','CO-QC-SOP-173','Laboratory Investigation (LI) Procedure for Invalid Assays and Out of Specification (OOS) Results','3'),
('838','CO-LAB-REG-19','Laboratory Investigation Register','1'),
('840','CO-LAB-REG-21','Laboratory Responsibilities by Area','9'),
('1102','CO-SUP-SOP-279','Laboratory Stock Take Procedure','5'),
('1545','CO-LAB-FRM-277','Low Risk Temperature Controlled Asset Sign','0'),
('1582','CO-OPS-SOP-376','LRE Refurbishment Procedure','0'),
('583','CO-LAB-SOP-151','Management and Control of Critical and Controlled Equipment','10'),
('1162','CO-PRD1-SOP-304','Management of Critical and Controlled Equipment at Oak House Production Facility','2'),
('468','CO-QA-SOP-25','Management Review','11'),
('572','CO-QA-SOP-147','Managing an External Audit','5'),
('1226','CO-LAB-FRM-207','Manipulated Material Aliquot form','0'),
('1527','CO-H&S-PRO-3','Manual Lifting Procedure','6'),
('1318','CO-SUP-JA-30','Manual MRP Process (binx ERP system) and Releasing Purchase / Production Proposals','0'),
('771','CO-OPS-SOP-206','Manufacture of 1.5 M Trehalose','2'),
('770','CO-OPS-SOP-205','Manufacture of 200mM Tris pH8.0','4'),
('555','CO-OPS-SOP-133','Manufacture of Brij 58 Solution','9'),
('1084','CO-QC-PTL-71','Manufacture of Cartridge Reagents','1'),
('765','CO-OPS-SOP-200','Manufacture of Chlamydia trachomatis and Neisseria gonorrhoeae positive control samples','8'),
('1169','CO-PRD1-FRM-199','Manufacture of CT/IC Detection Reagent  7.082.002 & 7.067.002 (MOB-D-082 & MOB-D-074)','10'),
('280','CO-OPS-SOP-118','Manufacture of CT/IC Primer Passivation Reagent','6'),
('764','CO-LAB-SOP-199','Manufacture of CT/NG Negative Control Samples','7'),
('1172','CO-PRD1-FRM-202','Manufacture of CT/NG Taq/UNG Reagent – 7.070.002 & 7.085.002 (MOB-D-077 & MOB-D-085)','8'),
('1083','CO-QC-PTL-70','Manufacture of CTNG Cartridge Reagents','1'),
('554','CO-OPS-SOP-132','Manufacture of Elution Buffer Revision 2','4'),
('1173','CO-PRD1-FRM-203','Manufacture of IC DNA Reagent - 7.073.002 & 7.088.002 (MOB-D-080 & MOB-D-088)','8'),
('279','CO-OPS-SOP-117','Manufacture of IC DNA Reagent','6'),
('763','CO-OPS-SOP-198','Manufacture of microorganism glycerol stocks','7'),
('1167','CO-PRD1-FRM-197','Manufacture of NG1/IC Detection Reagent  7.068.002 & 7.083.002 (MOB-D-075 & MOB-D-083)','9'),
('281','CO-OPS-SOP-119','Manufacture of NG1/NG2/IC Primer Passivation Reagent','8'),
('1171','CO-PRD1-FRM-201','Manufacture of NG1/NG2/IC Primer Passivation Reagent – 7.072.002 & 7.087.002 (MOB-D-079 & MOB-D-087)','7'),
('547','CO-OPS-SOP-107','Manufacture of NG2/IC Detection Reagent','8'),
('1168','CO-PRD1-FRM-198','Manufacture of NG2/IC Detection Reagent  7.069.002 & 7.084.002 (MOB-D-076 & MOB-D-084)','9'),
('762','CO-OPS-SOP-197','Manufacture of Taq/UNG Reagent','10'),
('556','CO-OPS-SOP-134','Manufacture of Trehalose in PCR Buffer','7'),
('768','CO-OPS-SOP-203','Manufacture of Wash Buffer II','4'),
('1487','CO-PRD1-T-200','Manufacturing Batch Record (MBR) Template','1'),
('558','CO-LAB-REG-8','Manufacturing Lot Number Register','5'),
('1176','CO-PRD1-SOP-306','Manufacturing Overview for the binx Cartridge Reagent Manufacturing Facility','3'),
('849','CO-OPS-T-152','Manufacturing Procedure (MFG) Template','1'),
('1548','CO-SAM-REG-40','Marketing Presentation Register','0'),
('843','CO-QA-REG-23','Master Archive Register','3'),
('1071','CO-QA-REG-32','Master List of Applicable Standards Form Template','0'),
('995','CO-PRD1-FRM-190','Material Transfer Note','1'),
('896','CO-LAB-LBL-16','MBG water label','3'),
('1174','CO-PRD1-FRM-212','ME2002T/00 and ML104T/00 Balance Weight Verification Form','1'),
('452','CO-DES-PTL-1','Measuring pH values IQ/OQ Protocol','2'),
('514','CO-OPS-SOP-90','MFG for preparing male and female urine with 10% eNAT','3'),
('836','CO-QC-FRM-46','Micro Laboratory Checklist','1'),
('857','CO-LAB-SOP-239','Microorganism Ampoules Handling SOP','0'),
('961','CO-PRD1-SOP-255','Mini Fuge Plus centrifuge SOP','0'),
('1699','CO-LAB-JA-90','Miscellaneous Part Numbered Items Reference Sheet','1'),
('430','CO-QC-T-118','Moby Detection Reagent Analysis Spreadsheet','12'),
('1066','CO-QC-PTL-60','MOBY Detection Reagent Spreadsheet Validation Protocol','1'),
('1586','CO-OPS-SOP-377','NetSuite ERP SOP','0'),
('1589','CO-OPS-JA-78','NetSuite User Guide','0'),
('21','CO-SUP-SOP-385','New Customer Procedure','3'),
('1601','CO-LAB-JA-82','New Equipment and Fixed Asset Crosswalk','0'),
('860','CO-LAB-FRM-165','New Microorganism Introduction Checklist Form','0'),
('325','CO-LAB-FRM-21','NG1  di452 Probe from SGS','6'),
('1307','CO-SUP-FRM-216','NG1 IC Detection Reagent Pick List – 7.068.001B','6'),
('1309','CO-SUP-FRM-218','NG1 NG2 IC Primer Passivation Reagent Pick List – 7.072.001B','6'),
('1138','CO-QC-QCP-54','NG1 Plasmid Quantification - qPCR Test (Part No. 0346)','1'),
('674','CO-LAB-FRM-84','NG1 Synthetic Target Part No 0258','3'),
('684','CO-LAB-FRM-94','NG1 Taqman Probe HPLC GRADE Part no 0268','3'),
('546','CO-OPS-SOP-105','NG1_IC Detection Reagent','8'),
('326','CO-LAB-FRM-22','NG2  di452 Probe from SGS','6'),
('1308','CO-SUP-FRM-217','NG2 IC Detection Reagent Pick List – 7.069.001B','6'),
('1137','CO-QC-QCP-53','NG2 Plasmid Quantification - qPCR Test (Part No. 0347)','1'),
('675','CO-LAB-FRM-85','NG2 Synthetic Target Part no 0259','3'),
('685','CO-LAB-FRM-95','NG2 Taqman probe HPLC GRADE Part No 0269','3'),
('1790','CO-PRD1-PTL-123','Nicelabel Software Validation Protocol & Report','0'),
('410','CO-SUP-T-98','Non Approved Supplier SAP by D supplier information','4'),
('550','CO-CA-FRM-44','Non-binx-initiated study proposal','1'),
('70','CO-QA-SOP-3','Nonconforming Product Procedure','19'),
('275','CO-OPS-SOP-126','NZ Source BSA Solution (for use in IC DNA end-cartridge reagent)','5'),
('1390','CO-PRD1-PTL-102','Oak House APC Schneider UPS Asset  1116 Validation Protocol','0'),
('1391','CO-PRD1-PTL-103','Oak House APC Schneider UPS Asset  1117 Validation Protocol','0'),
('1392','CO-PRD1-PTL-104','Oak House APC Schneider UPS Asset  1118 Validation Protocol','0'),
('1393','CO-PRD1-PTL-105','Oak House APC Schneider UPS Asset  1176 Validation Protocol','0'),
('1394','CO-PRD1-PTL-106','Oak House APC Schneider UPS Asset  1177 Validation Protocol','0'),
('1384','CO-PRD1-LBL-49','Oak House Blue On-Hold / WIP Label','4'),
('1842','CO-PRD1-REG-49','Oak House Certificate of Conformity Register','0'),
('1274','CO-SUP-T-171','Oak House Commercial Invoice - Cartridge Reagent (-20°c)','2'),
('1415','CO-SUP-T-182','Oak House Commercial Invoice - Cartridge Reagent (2-8°c)','2'),
('981','CO-PRD1-SOP-265','Oak House Emergency Procedures','0'),
('1097','CO-PRD1-PTL-75','Oak House Environmental Control System Validation Protocol','0'),
('1196','CO-PRD1-REG-35','Oak House Equipment Service and Calibration Register','3'),
('1800','CO-PRD1-LBL-75','Oak House Green Stock Label for Non-Stock Materials','1'),
('1385','CO-PRD1-LBL-50','Oak House Green Stock Label for Stock Materials','5'),
('1278','CO-PRD1-PTL-90','Oak House Haier DW-86L338J Freezer 1155 Validation Protocol','0'),
('1198','CO-PRD1-PTL-78','Oak House Jenway 3510 pH Meter Asset 1143 Validation Protocol','1'),
('1281','CO-PRD1-PTL-93','Oak House Labcold RLDF0519 Fridge 1161 Validation Protocol','0'),
('1279','CO-PRD1-PTL-91','Oak House Labcold RLDF1519 Fridge 1157 Validation Protocol','0'),
('1280','CO-PRD1-PTL-92','Oak House Labcold RLDF1519 Fridge 1159 Validation Protocol','0'),
('1292','CO-PRD1-PTL-97','Oak House Labcold RLDF1519 Fridge 1207 Validation Protocol','0'),
('1290','CO-PRD1-PTL-95','Oak House Labcold RLVF0417 Freezer 1162 Validation Protocol','0'),
('1289','CO-PRD1-PTL-94','Oak House Labcold RLVF1517 Freezer 1158 Validation Protocol','0'),
('1291','CO-PRD1-PTL-96','Oak House Labcold RLVF1517 Freezer 1183 Validation Protocol','0'),
('1293','CO-PRD1-PTL-98','Oak House Labcold RLVF1517 Freezer 1208 Validation Protocol','0'),
('1779','CO-PRD1-FRM-324','Oak House Manufacturing - Spot Reagent Cryovial Label Templates','1'),
('1486','CO-PRD1-T-199','Oak House Manufacturing Overview SOP Template','0'),
('1799','CO-SUP-REG-45','Oak House Material Specification Register for Goods Inwards process (IQC)','1'),
('1235','CO-PRD1-PTL-87','Oak House Mettler Toledo ME2002T_00 Precision Balance Asset 1170 Validation Protocol','0'),
('1236','CO-PRD1-PTL-88','Oak House Mettler Toledo ML104T_00 Analytical Balance Asset 1171 Validation Protocol','0'),
('1237','CO-PRD1-PTL-89','Oak House Mettler Toledo ML104T_00 Analytical Balance Asset 1172 Validation Protocol','0'),
('975','CO-PRD1-FRM-181','Oak House Monthly Production Facility Checklist','2'),
('1330','CO-PRD1-PTL-99','Oak House MSC1800 Production Enclosure Asset 1168 Validation Protocol','0'),
('1156','CO-PRD1-SOP-303','Oak House Out of Hours Procedures','0'),
('1416','CO-SUP-T-183','Oak House Packing List - Cartridge Reagent (-20°c)','2'),
('1275','CO-SUP-T-172','Oak House Packing List - Cartridge Reagent (2-8°c)','2'),
('1197','CO-PRD1-REG-36','Oak House Pipette Register','0'),
('986','CO-PRD1-SOP-269','Oak House Pipette Use and Calibration SOP','4'),
('973','CO-PRD1-T-160','Oak House Production Facility Cleaning Record','1'),
('971','CO-PRD1-COP-3','Oak House Production Facility Code of Practice','1'),
('1276','CO-SUP-FRM-213','Oak House Production Suite Replenishment Form','1'),
('1831','CO-SUP-LBL-76','Oak House Red Quarantine Label','1'),
('1332','CO-PRD1-PTL-100','Oak House Roto-Therm H2024-E Hybridisation Oven Asset 1113 Validation Protocol','0'),
('1227','CO-SUP-SOP-320','Oak House Supply Chain Reagent Production Process Flow','6'),
('1629','CO-SUP-FRM-286','Oak House Warehouse Monthly Cleaning Record','1'),
('1780','CO-SUP-LBL-73','Oak House Yellow Revised Expiry Date Label','2'),
('1783','CO-OPS-SP-6','Open Clamp Instrument Requirement Specification','0'),
('613','CO-LAB-SOP-178','Operating Instructions for Signal Analyser','1'),
('338','CO-LAB-SOP-22','Operation and maintenance of Grant SUB Aqua Pro 5 (SAP5) unstirred water bath with water or Lab Armor beads','3'),
('1789','CO-PRD1-JA-106','Operation of the ALX-734 Label Print Dispenser Job Aid','0'),
('1714','CO-LAB-JA-96','Operational Cleaning Job Aid','0'),
('1793','CO-PRD1-PTL-125','OQ Protocol and Report for the ALX-734 Label Print Dispenser','0'),
('847','CO-LAB-PTL-46','OQ protocol for binder incubator and humidity chamber','0'),
('1743','CO-PRD1-PTL-118','OQ Protocol for the INTEGRA ASSIST PLUS in Oak House','0'),
('818','CO-OPS-PTL-39','OQ Validation Protocol Blister Filling Rig','1'),
('1543','CO-OPS-SOP-364','Order to Cash Process','0'),
('870','CO-LAB-SOP-241','Ordering of New Reagents and Chemicals','0'),
('610','CO-LAB-SOP-175','Out of Hours Power Loss and Temperature Monitoring','3'),
('1246','CO-SUP-SOP-324','Packaging and Shipping Procedure for binx Cartridge Reagent','3'),
('821','CO-OPS-PTL-43','PAN-D-267 Signal Analyzer Validation of functions for outputting V&V tables','1'),
('677','CO-LAB-FRM-87','Part No 0261  CT Reverse Mod Primer  from SGS DNA','7'),
('679','CO-LAB-FRM-89','Part No 0263  IC Reverse Primer  from SGS DNA','6'),
('680','CO-LAB-FRM-90','Part No 0264  NG Target 1 Forward Primer  from SGS DNA','6'),
('681','CO-LAB-FRM-91','Part No 0265  NG Target 1 RA Reverse Primer  from SGS DNA','6'),
('682','CO-LAB-FRM-92','Part No 0266  NG Target 2 Forward Primer  from SGS DNA','6'),
('683','CO-LAB-FRM-93','Part No 0267  NG Target 2 Reverse Primer  from SGS DNA','6'),
('885','CO-LAB-LBL-6','Part No GRN Label','4'),
('829','CO-LAB-REG-12','Part No Register','2'),
('650','CO-LAB-FRM-61','Part No. 0093 CT ME17 Synthetic target HPLC GRADE','6'),
('659','CO-LAB-FRM-69','Part No. 0118 IC Synthetic target HPLC GRADE','6'),
('672','CO-LAB-FRM-82','Part No. 0248 Pectobacterium atrosepticum chromosomal DNA in TE buffer','4'),
('701','CO-LAB-FRM-111','Part No. 0296 Chlamydia trachomatis serovar F ATCC VR-346','3'),
('713','CO-LAB-FRM-123','Part No. 0318  NATtrol Chlamydia trachomatis Positive Control','1'),
('714','CO-LAB-FRM-124','Part No. 0319 NATrol Neisseria gonorrhoeae Positive Control','2'),
('726','CO-LAB-FRM-136','Part No. 0339  NG2_di275_probe  from SGS DNA','1'),
('666','CO-LAB-FRM-76','Part Number 0188 Vircell CT DNA Control','2'),
('702','CO-LAB-FRM-112','Part Number 0298 Vircell NG DNA Control','2'),
('1533','CO-H&S-P-2','PAT Policy','7'),
('457','CO-QA-T-143','Periodic Training Review Form','4'),
('315','CO-QC-T-30','pH Meter Calibration Form','3'),
('1210','CO-PRD1-FRM-211','pH Meter Calibration form - 3 point','3'),
('290','CO-DES-T-5','Phase Review Record','2'),
('1188','CO-IT-POL-30','Physical Security Policy','1'),
('619','CO-LAB-SOP-184','Pilot Line Blister Filling and Sealing Standard Operating Procedure','3'),
('396','CO-DES-T-84','Pilot Line Electronic Stock Register','5'),
('903','CO-LAB-LBL-23','Pilot Line Materials Label','1'),
('464','CO-DES-PTL-7','Pilot Line Process & Equipment Validation','3'),
('424','CO-DES-T-112','Pilot Line Use Log','6'),
('887','CO-LAB-LBL-8','Pipette Calibration Label','1'),
('1598','CO-PRD1-JA-81','Pipette Handling -Job Aid','0'),
('830','CO-LAB-REG-13','Pipette Register','3'),
('553','CO-LAB-SOP-131','Pipette Use and Calibration SOP','13'),
('24','CO-OPS-SOP-2','Planning for Process Validation','3'),
('1761','CO-OPS-SCR-3','Pneumatic Test Cartridge Calibration Scripts','1'),
('601','CO-OPS-SOP-166','Pneumatics Test Rig Set up and Calibration','3'),
('1105','CO-SUP-POL-17','Policy for Commercial Operations','4'),
('579','CO-QA-POL-13','Policy for Complaints and Vigilance','2'),
('576','CO-QA-POL-10','Policy for Control of Infrastructure Environment and Equipment','5'),
('578','CO-CS-POL-12','Policy for Customer Feedback','5'),
('563','CO-QA-POL-6','Policy for Document Control and Change Management','6'),
('1594','CO-OPS-POL-37','Policy for Production Specification Transfer to Contract Manufacturers','0'),
('574','CO-OPS-POL-8','Policy for Purchasing and Management of Suppliers','5'),
('859','CO-QA-POL-14','Policy for the Control of Non-Conforming Product and Corrective/Preventive Action','4'),
('914','CO-QA-POL-15','Policy for the Use of Electronic Signatures within binx health','1'),
('1698','CO-IT-POL-38','Policy for use of Chatbots and Artificial Intelligence tools within binx health processes','0'),
('295','CO-QA-T-10','Policy Template','7'),
('1466','CO-QA-T-189','Post Market Performance Follow-up Plan Template','0'),
('1467','CO-QA-T-190','Post Market Performance Follow-up Report Template','0'),
('146','CO-QA-SOP-267','Post Market Surveillance','8'),
('1469','CO-QA-T-192','Post Market Surveillance Plan Template','0'),
('1470','CO-QA-T-193','Post Market Surveillance Report Template','0'),
('340','CO-OPS-SOP-127','Potassium Phosphate Buffer','8'),
('1792','CO-PRD1-PTL-124','PQ Protocol and Report for the ALX-734 Label Print Dispenser','1'),
('1740','CO-PRD1-PTL-117','PQ Protocol and Report for the Integra ASSIST PLUS in Oak House','0'),
('848','CO-LAB-PTL-47','PQ Protocol for binder incubator and humidity chamber','0'),
('1136','CO-LAB-SOP-302','Preparation and use of agarose gels','5'),
('1135','CO-LAB-SOP-301','Preparation Microbiological Broth & Agar','5'),
('1125','CO-LAB-SOP-291','Preparation of 10X and 1X TAE Buffer','5'),
('502','CO-LAB-SOP-78','Preparation of Bacterial Stocks (Master & Working)','6'),
('509','CO-OPS-SOP-85','Preparation of Chlamydia trachomatis 1 million Genome Equivalents/µL stocks','2'),
('510','CO-OPS-SOP-86','Preparation of Chlamydia trachomatis 100 thousand Genome Equivalents/µL stocks','3'),
('636','CO-OPS-SOP-190','Preparation of IC DNA in TE buffer 10ng/μl master stock aliquots','4'),
('511','CO-OPS-SOP-87','Preparation of Neisseria gonorrhoeae 1 million Genome Equivalents/µL stocks','2'),
('512','CO-OPS-SOP-88','Preparation of Neisseria gonorrhoeae 100 thousand Genome Equivalents/µL stocks','2'),
('559','CO-LAB-SOP-136','Preparation of Solutions for Experimental Activities','7'),
('1134','CO-LAB-SOP-300','Preparation of Sub-circuit cards for voltammetric detection','6'),
('1126','CO-LAB-SOP-292','Preparation of Tryptone Soya Broth (TSB) and Tryptone Soya Agar (TSA)','5'),
('513','CO-OPS-SOP-89','Preparation of vaginal swab samples','4'),
('580','CO-LAB-SOP-148','Procedure for Aliquoting and Batch Retaining Reagents','12'),
('17','CO-SUP-SOP-384','Procedure for Commercial Storage and Distribution','3'),
('920','CO-CS-SOP-248','Procedure For Customer Service','3'),
('19','CO-SUP-SOP-386','Procedure for Inventory Control and IBP','2'),
('1119','CO-QC-SOP-286','Procedure for the Release of io Instruments','4'),
('537','CO-QC-SOP-94','Procedure to Control Chemical and Biological Spillages','5'),
('969','CO-OPS-URS-20','Process Requirement Specification for CO-OPS-PTL-010','0'),
('623','CO-OPS-SOP-188','Process Validation','4'),
('377','CO-DES-T-65','Process Validation Master Plan Template','6'),
('1073','CO-QC-PTL-62','Process Validation of CO-QC-QCP-039: T7 Exonuclease Raw Material Heated io Detection Rig Test (Part no. 0225)','0'),
('1193','CO-QC-PTL-77','Process Validation of CO-QC-QCP-069 and CO-QC-QCP-052. IC DNA Reagent and Raw Material Testing','0'),
('395','CO-DES-T-83','product requirements Specification Template','3'),
('1108','CO-QA-SOP-283','Product Risk Management Procedure','4'),
('1376','CO-PRD1-JA-44','Production suite air conditioning job aid','0'),
('1641','CO-PMO-FRM-295','Project Business Case','0'),
('1596','CO-PMO-T-209','Project Plan','2'),
('370','CO-DES-T-58','Project Planning Template','4'),
('1402','CO-SAM-JA-48','Promotional Materials Checklist','0'),
('1564','CO-PRD1-JA-70','Protecting Light Sensitive Reagents with Tin Foil at the Oak House Manufacturing Facility','0'),
('481','CO-SUP-SOP-68','Purchasing SOP','15'),
('1610','CO-QA-T-213','QA Software Validation Protocol Template','0'),
('1571','CO-QC-PTL-109','QC CT/NG 2:2 Input Manufactured Under CO-OPS-SOP-189 Validation Protocol','1'),
('1801','CO-QC-JA-107','QC CTNG Cartridge Processing Guide (CO-QC-QCP-056 and MOB-TR-032)','0'),
('458','CO-QC-T-144','QC io Mainternance Log','3'),
('432','CO-QC-T-120','QC Laboratory Cleaning Record','5'),
('624','CO-QC-FRM-49','QC Monthly Laboratory Checklist','0'),
('1086','CO-QC-PTL-73','QC Release of CT/NG Cartridge','1'),
('1146','CO-QC-QCP-62','QC release procedure for the Io Reader','8'),
('1115','CO-QC-LBL-31','QC Retention Box Label','0'),
('1106','CO-QC-SOP-282','QC Sample Handling and Retention Procedure','2'),
('1114','CO-QC-REG-34','QC Sample Retention Register','3'),
('1076','CO-QC-PTL-64','QC testing and release of UNG raw material','2'),
('394','CO-QC-T-82','qPCR QC Testing Data Analysis','14'),
('855','CO-QA-SOP-237','QT9 - Periodic Review and Making Documents Obsolete','1'),
('909','CO-QA-SOP-244','QT9 Administration','3'),
('1158','CO-QA-JA-14','QT9 Corrective Action Module Job Aid','1'),
('1772','CO-QA-FRM-323','QT9 Document Enhancement Request Form','0'),
('1157','CO-QA-JA-13','QT9 Feedback Module Job Aid','3'),
('1175','CO-QA-JA-18','QT9 Internal Audit Module Job Aid','2'),
('1485','CO-QA-JA-59','QT9 Material Review Board Module','1'),
('1159','CO-QA-JA-15','QT9 Nonconforming Product Job Aid','3'),
('1160','CO-QA-JA-16','QT9 Preventive Action Module Job Aid','1'),
('1224','CO-QA-JA-21','QT9 SCAR Module Job Aid','1'),
('471','CO-QA-T-146','QT9 SOP Template','2'),
('151','CO-QA-SOP-15','Qualification and Competence of Auditors','4'),
('1574','CO-QA-SOP-374','Quality Assurance Process for Reviewing QMS Documentation','0'),
('625','CO-QC-COP-1','Quality Control Laboratory Code of Practice','5'),
('654','CO-QC-FRM-65','Quality Control Out of Specification Result Investigation Record Form','2'),
('655','CO-QC-SOP-12','Quality Control Out of Specification Results Procedure','2'),
('1107','CO-QC-POL-18','Quality Control Policy','5'),
('606','CO-QC-SOP-171','Quality Control Rounding Procedure','3'),
('1711','CO-QC-JA-94','Quality Control Scheduled Weekly Cleaning Job Aid','0'),
('1113','CO-QA-POL-21','Quality Manual','10'),
('148','CO-QA-SOP-12','Quality Objectives','9'),
('1111','CO-QA-POL-19','Quality Policy','6'),
('470','CO-QA-SOP-28','Quality Records','11'),
('888','CO-LAB-LBL-9','Quarantine - Failed calibration Label','2'),
('1627','CO-PRD1-LBL-56','Quarantine Label - Oak House','0'),
('902','CO-LAB-LBL-22','Quarantine Stock Item Label','1'),
('894','CO-LAB-LBL-14','Quarantined material label','3'),
('408','CO-QC-T-96','Quarterly Reagent Check Record','4'),
('807','CO-OPS-PTL-27','Rapid PCR Rig IQ Protocol','2'),
('626','CO-OPS-PTL-11','Rapid PCR Rig OQ Procedure','2'),
('808','CO-OPS-PTL-28','Rapid PCR Rig PQ Procedure','4'),
('588','CO-OPS-PTL-10','Reader Installation Qualification Protocol','15'),
('271','CO-OPS-SOP-9','Reader Peltier Refit procedure','3'),
('407','CO-QC-T-95','Reagent Aliquot From','6'),
('272','CO-LAB-SOP-10','Reagent Deposition and Immobilisation (Pilot Line)','4'),
('448','CO-QC-T-136','Reagent Design template','1'),
('454','CO-DES-T-140','Reagent Design Transfer Checklist','1'),
('41','CO-DES-SOP-372','Reagent Design Transfer process','2'),
('948','CO-OPS-URS-18','Reagent Handling Processor for Scienion Dispense Equipment','0'),
('1304','CO-SUP-T-178','Reagent Pick List Template','7'),
('970','CO-PRD1-POL-16','Reagent Production Policy','0'),
('999','CO-PRD1-FRM-191','Reagent Shipping Worksheet','2'),
('615','CO-LAB-SOP-180','Reconstitution of Lyophilised Materials','3'),
('1818','CO-LAB-REG-48','Reference electrode register for use with electrode test method.','0'),
('947','CO-REG-T-157','Regulatory Change Assessment Decision Tree Form','1'),
('1140','CO-QC-QCP-56','Release procedure for CT/NG cartridge','31'),
('1630','CO-QA-T-215','Report Template','0'),
('1189','CO-IT-POL-31','Responsible Disclosure Policy','1'),
('473','CO-QA-SOP-31','Revising and Introducing Documents in QT9','6'),
('320','CO-QC-T-35','Rework Protocol Template','5'),
('267','CO-LAB-SOP-5','Rhychiger Heat Sealer','3'),
('1513','CO-H&S-RA-1','Risk Assessment - binx Health Office and non-laboratory areas','6'),
('1536','CO-H&S-RA-13','Risk Assessment - Fire - Derby Court and Unit 6','7'),
('1516','CO-H&S-RA-4','Risk Assessment - io® reader / assay development tools','5'),
('1515','CO-H&S-RA-3','Risk Assessment - Laboratory Areas (excluding Microbiology and Pilot line)','7'),
('1519','CO-H&S-RA-7','Risk Assessment - Pilot line Laboratory area','6'),
('1518','CO-H&S-RA-6','Risk Assessment - use of UV irradiation in the binx health Laboratories','6'),
('1520','CO-H&S-RA-8','Risk Assessment for binx Health Employees','5'),
('1521','CO-H&S-RA-9','Risk Assessment for use of Chemicals','4'),
('1514','CO-H&S-RA-2','Risk Assessment for use of Microorganisms','8'),
('1522','CO-H&S-RA-10','Risk Assessment for work-related stress','4'),
('374','CO-DES-T-62','Risk Management Plan template','3'),
('1112','CO-QA-POL-20','Risk Management Policy','9'),
('376','CO-DES-T-64','Risk Management Report template','3'),
('375','CO-DES-T-63','Risk/benefit template','3'),
('144','CO-QA-SOP-345','Root Cause Analysis','4'),
('598','CO-LAB-SOP-163','Running Cartridges on io Readers','10'),
('1819','CO-OPS-SOP-405','Salesforce Procedure','0'),
('900','CO-LAB-LBL-20','SAP Stock Item Label','2'),
('1583','CO-LAB-LBL-53','SAP Stock Item Label (Green)','0'),
('1709','CO-LAB-JA-92','Scheduled Weekly Clean Job Aid','0'),
('467','CO-QA-SOP-24','Sharepoint Administration','3'),
('1421','CO-SUP-LBL-51','Shipping Contents Label','1'),
('1488','CO-SUP-T-201','Shipping Specification Template','0'),
('1490','CO-SUP-SP-5','Shipping Specification: CT/NG io Cartridge','2'),
('1489','CO-SUP-SOP-363','Shipping Specifications Procedure','0'),
('1751','CO-LAB-FRM-321','Single Nucleotide C-di452 (Part No. 0420)','0'),
('1750','CO-LAB-FRM-320','Single Nucleotide G-di275 (Part No. 0421)','0'),
('1788','CO-PRD1-PTL-122','Site Acceptance Test (SAT) for the ALX-734 Label Print Dispenser','0'),
('1715','CO-LAB-JA-97','Six Month Scheduled or Extraordinary Clean Job Aid','0'),
('1547','CO-SAM-T-205','Slide Guide Template','0'),
('1555','CO-SUP-JA-63','Softbox TempCell F39 (13-48) Dry ice shipper packing instructions','0'),
('1557','CO-SUP-JA-65','Softbox TempCell MAX shipper packing instructions','0'),
('1556','CO-SUP-JA-64','Softbox TempCell PRO shipper packing instructions','0'),
('16','CO-DES-SOP-4','Software Development Procedure','4'),
('437','CO-DES-T-125','Software Development Tool Approval','2'),
('308','CO-QC-T-23','Solution Preparation Form','3'),
('890','CO-LAB-LBL-11','Solutions labels','3'),
('1124','CO-LAB-SOP-290','SOP for running clinical samples in io® instruments','4'),
('1820','CO-LAB-SOP-406','SOP for use of the Mecmesin MultiTest 2.5- xt Tension & Compression Testing System','0'),
('1387','CO-LAB-SOP-344','SOP for use of the Open Clamp Reader','0'),
('758','CO-OPS-SOP-196','SOP to record the details of the manufacture of 75x PCR buffer','3'),
('438','CO-DES-T-126','Soup Approval','2'),
('360','CO-QA-T-48','Specimen Signature Log','4'),
('1798','CO-SUP-LBL-74','Spot Reagent Box Label','2'),
('1738','CO-OPS-URS-36','Spot Reagent mixing equipment for CT/NG Assay Cartridge manufacture at CMOs -Rotary Mixer URS','0'),
('930','CO-OPS-URS-8','Sprint B+ leak tester- User Requirement Specification','0'),
('498','CO-QA-SOP-76','Stakeholder Feedback and Product Complaints Handling Procedure','9'),
('399','CO-QA-T-87','Standard / Guidance Review','4'),
('1123','CO-LAB-SOP-289','Standard Procedures for use in the Development of the CT/NG Assay','2'),
('582','CO-LAB-SOP-150','Standard Use of Freezers','9'),
('964','CO-PRD1-SOP-257','Standard Use of Oak House Freezers','1'),
('967','CO-PRD1-SOP-259','Standard Use of Oak House Fridges','1'),
('832','CO-LAB-REG-15','Stock Item Register','11'),
('1244','CO-SUP-SOP-322','Storage and Distribution - Oak House','2'),
('984','CO-PRD1-LBL-29','Storage temperature labels','0'),
('450','CO-QC-T-138','Summary technical Documentation (for assay)','2'),
('1475','CO-QA-T-197','Summary Technical Documentation (STED) Template','1'),
('500','CO-QA-SOP-77','Supplier Audit Procedure','10'),
('147','CO-QA-SOP-11','Supplier Corrective Action Response Procedure','6'),
('487','CO-SUP-SOP-69','Supplier Evaluation','10'),
('364','CO-SUP-FRM-46','Supplier Questionnaire - Calibration/Equipment maintenance','4'),
('365','CO-SUP-FRM-42','Supplier Questionnaire - Chemical/Reagent/Microbiological','4'),
('367','CO-SUP-FRM-48','Supplier Questionnaire - Consultant/Services','4'),
('366','CO-SUP-FRM-47','Supplier Questionnaire - Hardware','4'),
('398','CO-QA-T-86','Supplier Re-assessment Approval form','4'),
('488','CO-SUP-SOP-70','Supplier Risk Assessment Approval and Monitoring Procedure','6'),
('845','CO-QA-REG-25','Supplier Risk Assessment Monitoring List','5'),
('1233','CO-SUP-SOP-321','Supply Chain Oak House Material Management','5'),
('1805','CO-SUP-T-236','Supply Chain SOP Template','0'),
('323','CO-LAB-FRM-19','Synthetic Uracil containing Amplicon','3'),
('475','CO-OPS-SOP-33','T7 Diluent (NZ Source BSA) Solution','4'),
('519','CO-LAB-FRM-26','T7 Gene 6 Exonuclease 1000U/µL','9'),
('417','CO-QC-T-105','T7 QC Testing Data Analysis','7'),
('1072','CO-QC-PTL-61','T7 Raw Material Spreadsheet Validation','0'),
('587','CO-QC-QCP-39','T7 Raw Material Test','12'),
('755','CO-OPS-SOP-193','T7 Storage Buffer (NZ Source BSA)','6'),
('1077','CO-QC-PTL-65','Taq-B raw material and CT/NG Taq UNG Reagent Validation','2'),
('460','CO-DES-PTL-3','Temperature controlled equipment','3'),
('1055','CO-PRD1-LBL-30','Temperature only label','0'),
('294','CO-QC-T-9','Template for IQC','6'),
('569','CO-LAB-T-148','Template for Laboratory Code of Practice','1'),
('476','CO-OPS-SOP-34','Test Method Validation','3'),
('1821','CO-QC-PTL-126','Test Method Validation Protocol of Electrode Test Method.','1'),
('1082','CO-QC-PTL-69','Testing and Release of Raw Materials & Formulated Reagents','8'),
('1208','CO-PRD1-SOP-310','The use of Calibrated Clocks/Timers','0'),
('1222','CO-PRD1-SOP-318','The use of the calibrated temperature probe','0'),
('270','CO-OPS-SOP-8','Thermal Test Rig Set Up and Calibration','4'),
('1762','CO-OPS-SCR-4','ThermalDetectHold','4'),
('1763','CO-OPS-SCR-5','ThermalPCRCycleTest','1'),
('1764','CO-OPS-SCR-6','ThermalPCRHoldTest','2'),
('1765','CO-OPS-SCR-7','ThermalSampleHoldTest','5'),
('330','CO-LAB-SOP-14','Thermo Orion Star pH meter','5'),
('1191','CO-IT-POL-33','Third Party Management','1'),
('607','CO-OPS-SOP-172','Tool Changes of the Rhychiger Heat Sealer','3'),
('929','CO-OPS-URS-7','TQC leak tester- User Requirement Specification','0'),
('573','CO-HR-POL-7','Training Policy','5'),
('485','CO-QA-SOP-43','Training Procedure','9'),
('1611','CO-PRD1-JA-84','Transfer materials between Oak House & Derby Court','0'),
('983','CO-PRD1-SOP-268','Transfer of reagent QC samples','3'),
('446','CO-FIN-T-134','UK Trade Credit Application','2'),
('908','CO-OPS-LBL-28','UN3316 cartridge label - use Avery J8173 labels to print','1'),
('1154','CO-QC-QCP-70','UNG 50 U/uL(Part no. 0240)','7'),
('1215','CO-PRD1-URS-22','URS for a Hydridisation Oven (Benchmark Roto-Therm Plus H2024-E)','0'),
('1825','CO-QC-URS-42','URS for Analytical Software - Electrode Screening Test','0'),
('1592','CO-QC-URS-30','URS for electrode test method','1'),
('1422','CO-LAB-URS-29','URS for Female Urine Clinical Study Database','0'),
('1749','CO-LAB-URS-38','URS for Heated Detection Rigs','2'),
('1266','CO-PRD1-URS-25','URS for temp-controlled equipment for Oak House: Refrigerator Models: RLDF0519 and RLDF1519 (freestanding and under bench)  -20°C Freezer Models: RLVF0417 and RLVF1517 (freestanding and under bench) -80°C Freezer Model: DW-86L338','0'),
('917','CO-OPS-URS-2','URS for Temperature Monitoring System','1'),
('1603','CO-QA-SOP-380','US Registration and Regulatory Compliance','0'),
('1095','CO-FIN-T-167','US Trade Credit Application','0'),
('959','CO-PRD1-SOP-254','Use & Cleaning of the Monmouth Scientific Model Guardian 1800 Production Enclosure in Oak House','1'),
('503','CO-LAB-SOP-79','Use and Cleaning of Class II Microbiology Safety Cabinet','7'),
('1403','CO-SAM-JA-49','Use of Acronyms in Marketing Materials','0'),
('504','CO-LAB-SOP-80','Use of Agilent Bioanalyzer DNA 1000 kits','7'),
('952','CO-PRD1-SOP-252','Use of Benchmark Roto-Therm Plus Hybridisation oven','1'),
('1117','CO-QC-JA-11','Use of CO-QC-T-118: Detection Reagent Analysis Spreadsheet','1'),
('916','CO-QC-JA-4','Use of CO-QC-T-155: CTNG QC Cartridge Analysis Module','0'),
('1607','CO-LAB-SOP-45','Use of Dry Bath System with Metal Block','0'),
('1419','CO-SUP-JA-55','Use of Elpro data loggers','0'),
('1653','CO-SUP-JA-87','Use of Elpro datalogger at CMO for binx Health io CTNG Cartridge - QC samples and datalogger placement for Bulk US shipments','2'),
('604','CO-LAB-SOP-169','Use of Fermant Pouch Sealer','3'),
('1179','CO-PRD1-SOP-308','Use of IKA Digital Roller Mixer','0'),
('972','CO-PRD1-SOP-260','Use of Logmore dataloggers','0'),
('1164','CO-PRD1-SOP-305','Use of ME2002T/00 and ML104T/00 balances in the Oak House Production Facility','1'),
('1214','CO-PRD1-SOP-313','Use of Membrane Filters in the binx Reagent Manufacturing Facility','1'),
('1829','CO-PRD1-JA-114','Use of NiceLabel10','0'),
('966','CO-PRD1-SOP-258','Use of Oak House N2400-3010 Magnetic Stirrer','0'),
('594','CO-LAB-SOP-159','Use of Rotor-Gene Q','4'),
('1425','CO-SAM-SOP-352','Use of Sales and Market Access Master Decks for External Presentations','0'),
('469','CO-QA-SOP-26','Use of Sharepoint','6'),
('337','CO-QC-SOP-21','Use of Stuart SRT6D Roller Mixer','4'),
('561','CO-LAB-SOP-138','Use of Temperature and Humidity Loggers','4'),
('331','CO-LAB-SOP-15','Use of the ALC PK121 centrifuges (refrigerated and non-refrigerated)','4'),
('1734','CO-PRD1-SOP-395','Use of the Datalogic Barcode Scanner','0'),
('543','CO-LAB-SOP-102','Use of the Grant XB2 Ultrasonic Bath','4'),
('336','CO-LAB-SOP-20','Use of the Hulme Martin Pmpulse heat Sealer','2'),
('1735','CO-PRD1-SOP-396','Use of the Integra ASSIST PLUS','0'),
('333','CO-LAB-SOP-17','Use of the Jenway Spectrophotometer','3'),
('1775','CO-PRD1-SOP-398','Use of the Label Print Dispenser','0'),
('335','CO-LAB-SOP-19','Use of the LMS Programmable Incubator','3'),
('932','CO-QA-JA-6','Use of the Management Review Module in QT9','2'),
('1808','CO-LAB-SOP-401','Use of the MeacoDry Dehumidifier Unit','0'),
('618','CO-LAB-SOP-183','Use of the Microcentrifuge 24','1'),
('593','CO-LAB-SOP-158','Use of the NanoDrop ND2000 Spectrophotometer','5'),
('996','CO-PRD1-SOP-271','Use of the Pacplus Impulse Heat Sealer','0'),
('332','CO-LAB-SOP-16','Use of the Peqlab thermal cyclers','5'),
('551','CO-LAB-SOP-129','Use of the Priorclave Autoclave','8'),
('506','CO-LAB-SOP-82','Use of the Rotary Vane Anemometer','2'),
('1211','CO-PRD1-SOP-311','Use of the Rotary Vane Anemometer in Oak House','0'),
('620','CO-QC-SOP-185','Use of the SB3 Rotator','2'),
('616','CO-LAB-SOP-181','Use of the Thermomixer HC block','1'),
('1194','CO-PRD1-SOP-309','Use of the Uninterruptible Power Supply','0'),
('621','CO-OPS-SOP-186','Use of the VPUMP Vacuum pump','2'),
('585','CO-LAB-SOP-153','Use of UV Cabinets','7'),
('949','CO-QA-T-158','User Requirement Specification (URS) template','1'),
('956','CO-OPS-URS-19','User Requirement Specification for a Balance','1'),
('942','CO-OPS-URS-15','User requirement specification for a cooled incubator','0'),
('941','CO-OPS-URS-14','User requirement specification for a filter integrity tester','0'),
('936','CO-OPS-URS-12','User Requirement Specification for a Production Enclosure','0'),
('1267','CO-PRD1-URS-26','User Requirement Specification for a Wireless Temperature and Humidity Monitoring System for Oak House Production and Storage Facility','0'),
('935','CO-OPS-URS-11','User Requirement Specification for back up power supply','0'),
('946','CO-SUP-URS-17','User Requirement Specification for ByD for binx Reagent Manufacturing Facility','0'),
('937','CO-OPS-URS-13','User requirement specification for class 2 microbiological safety cabinet','0'),
('933','CO-OPS-URS-9','User Requirement Specification for pH/mV/°C Meter','1'),
('934','CO-OPS-URS-10','User Requirement Specification for temperature-controlled equipment','0'),
('1161','CO-PRD1-URS-21','User Requirement Specification for the binx Cartridge Reagent Manufacturing Lab UK','2'),
('928','CO-OPS-URS-6','User Requirement Specification for the vT off-line flow and leak test equipment','0'),
('1302','CO-PRD1-URS-27','User Requirements Specification for a Monmouth Scientific Model Guardian 1800 production enclosure','0'),
('1725','CO-PRD1-URS-34','User Requirements Specification for the Oak House Barcode Scanner','0'),
('1704','CO-PRD1-URS-33','User Requirements Specification for the Oak House Dispensing Machine','0'),
('1703','CO-PRD1-URS-32','User Requirements Specification for the Oak House Labelling Machine','0'),
('1567','CO-OPS-PTL-108','VAL2023-06 NetSuite Test Specification_QT9','1'),
('761','CO-OPS-PTL-15','Validation 2-8 Refrigerator QC Lab','1'),
('760','CO-OPS-PTL-14','Validation -80 Chest Freezer Micro lab','3'),
('759','CO-OPS-PTL-13','Validation -80 Freezer QC Lab','1'),
('378','CO-DES-T-66','Validation Matrix template','2'),
('799','CO-OPS-PTL-19','Validation of Autolab Type III','2'),
('474','CO-OPS-SOP-32','Validation of Automated Equipment and Quality System Software','3'),
('1374','CO-PRD1-PTL-101','Validation of Oak House CT/NG reagent process','1'),
('265','CO-LAB-SOP-3','Validation of Temperature Controlled Equipment','3'),
('461','CO-DES-PTL-4','Validation Protocol - Class II Microbiology Safety Cabinet','3'),
('810','CO-OPS-PTL-30','Validation Protocol – Heated Detection Rig PQ','7'),
('798','CO-OPS-PTL-18','Validation Protocol – UV/Vis Nanodrop Spectrophotometer','3'),
('802','CO-OPS-PTL-22','Validation Protocol - V&V Laboratory Facilities','1'),
('796','CO-QC-PTL-16','Validation Protocol -20 freezer/QC lab asset 0330','1'),
('801','CO-OPS-PTL-21','Validation Protocol for Rotorgene','4'),
('800','CO-OPS-PTL-20','Validation Protocol Temperature controlled storage/incubation','3'),
('310','CO-DES-T-25','Validation Protocol template','8'),
('815','CO-OPS-PTL-36','Validation Protocol: 21011-MET012 Thermal - PCR Cycle Results Template Master','2'),
('797','CO-OPS-PTL-17','Validation Protocol: Thermal cycler IQ/OQ/PQ','4'),
('426','CO-DES-T-114','Validation Summary Report','2'),
('560','CO-LAB-SOP-137','Variable Temperature Apparatus Monitoring','8'),
('963','CO-PRD1-SOP-256','Velp Scientific WIZARD IR Infrared Vortex Mixer SOP','0'),
('575','CO-CA-POL-9','Verification and Validation Policy','4'),
('1854','CO-SD-PTL-129','Verification Protocol for Electrode Test Method Analytical Software','0'),
('1423','CO-LAB-PTL-186','Verification Testing Protocol for Female Urine Database','0'),
('372','CO-DES-T-60','Verification Testing Protocol template','8'),
('373','CO-DES-T-61','Verification Testing Report template','7'),
('1695','CO-PRD1-PTL-115','Vial Inspection Protocol','0'),
('1776','CO-PRD1-REG-43','VIALAB Pipette Program Register','0'),
('1814','CO-PRD1-FRM-330','VIALAB Program Approval Form','0'),
('73','CO-QA-SOP-326','Vigilance and Medical Reporting Procedure','7'),
('418','CO-QA-T-106','Vigilance Form','3'),
('841','CO-QA-REG-22','Vigilance Register','2'),
('925','CO-OPS-PTL-49','vT flow and leak tester- FAT protocol','0'),
('1722','CO-LAB-SOP-391','Waste Disposal at binx Health Laboratories','0'),
('1225','CO-LAB-FRM-206','Water/Eultion Buffer  aliquot form','0'),
('577','CO-OPS-POL-11','WEEE Policy','4'),
('1721','CO-LAB-JA-101','Weekly Waste Disposal and Recycling Job Aid','0'),
('600','CO-OPS-SOP-165','Windows Software Update','1'),
('540','CO-LAB-SOP-97','Wireless Temperature and Humidity Monitoring','15'),
